supplement,alternative name,evidence,condition,condition,type,one to watch?,popularity,search term,notes,source names,main study link,Cochrane systematic review link,other International review board or metastudy link(s),individual studies link(s)
abatacept,,4,osteoarthritis,musculoskeletal,hormone,,"87,500",abatacept osteoarthritis,Abatacept appears to reduce joint pain and improve function.,Cochrane,http://www.cochrane.org/CD007277/MUSKEL_abatacept-for-rheumatoid-arthritis,http://www.cochrane.org/CD007277/MUSKEL_abatacept-for-rheumatoid-arthritis,,
agnus castus,vitex,6,PMS,women,plant / herb,,"160,000",agnus castus PMS,"A number of systematic reviews of randomized controlled trials have concluded that agnus castus helps improve PMS symptoms, and is considered safe. However, one review does point to the need for high-quality trials comparing the size of the effect against other treatment options.","Archives of Gynecology and Obstetrics; The European Menopause Journal, Archives of Women's Mental Health, American Journal of Obstetrics and Gynecology, Electronic Physician",https://www.sciencedirect.com/science/article/pii/S0002937817303198,,https://www.sciencedirect.com/science/article/pii/S0002937817303198https://www.ncbi.nlm.nih.gov/pmc/articles/PMC5308513/https://link.springer.com/article/10.1007/s00737-017-0791-0,"http://www.maturitas.org/article/S0378-5122(09)00031-0/abstract?cc=y=, http://link.springer.com/article/10.1007/s004040000123"
aloe vera,,0,digestive aid,digestion,plant / herb,,"11,800,000",aloe vera  digestion,"Ingestion of aloe vera is associated with diarrhea, electrolyte imbalance and kidney disfunction.",Journal of Environmental Science and Health,http://www.tandfonline.com/doi/abs/10.1080/10590500600614303#.VcDwRZNVhBc,,,http://www.tandfonline.com/doi/abs/10.1080/10590500600614303#.VcDwRZNVhBc
aloe vera,,1,"burns, cuts",general health,plant / herb,,"18,800,000",aloe vera burns cuts,There is currently an absence of high quality clinical trial evidence to support the use of Aloe vera as treatment for wounds.,Cochrane,https://www.cochrane.org/CD008762/WOUNDS_aloe-vera-for-treating-acute-and-chronic-wounds,https://www.cochrane.org/CD008762/WOUNDS_aloe-vera-for-treating-acute-and-chronic-wounds,,
aloe vera,,2,diabetes,diabetes,plant / herb,,"27,800,000",aloe vera diabetes,We found one study working with diabetes patients with high blood levels of fat (dyslipidemia). One 300mg capsule every 12 hours for 2 months has a significant positive impact on blood lipid levels.,Planta Medica,http://www.omni.org.il/_Uploads/dbsAttachedFiles/Research1.Antihyperglycemic.pdf,,,http://www.omni.org.il/_Uploads/dbsAttachedFiles/Research1.Antihyperglycemic.pdf
andrographis,,1,respiratory tract infections,infections,plant / herb,OTW,"154,000",andrographis respiratory infections,"While there is no evidence that andrographis is effective as a treatment, it can help to reduce the symptoms.",Otolaryngologic Clinics of North America,http://www.sciencedirect.com/science/article/pii/S0030666512002149,,http://www.sciencedirect.com/science/article/pii/S0030666512002149,
antioxidants,,3,infertility in men,"sexual health, men, children",compound,,"1,900,000",antioxidants infertility,Evidence of anti-oxidants as treatment for male infertility is inconclusive.,Cochrane,http://onlinelibrary.wiley.com/doi/10.1002/14651858.CD007411.pub3/abstract,http://onlinelibrary.wiley.com/doi/10.1002/14651858.CD007411.pub3/abstract,,
antioxidants,,0,mortality,general health,compound,,"7,330,000",antioxidants mortality,"Antixoxidants have no health benefits. In fact, beta carotene, vitamin A and vitamin E appear to increase the risk of death.",Cochrane,http://onlinelibrary.wiley.com/doi/10.1002/14651858.CD007176.pub2/abstract,http://onlinelibrary.wiley.com/doi/10.1002/14651858.CD007176.pub2/abstract,,
ashwagandha,withania somnifera,4,anxiety & stress,mental health,plant / herb,,"1,130,000",ashwagandha anxiety stress,"A review of 5 human trials concludes Ashwagandha reduces anxiety & stress. It does point out that the study methods were really varied though, making thorough cross-referencing of the results difficult. The review calls for more trials.",The Journal of Alternative and Complementary Medicine,http://online.liebertpub.com/doi/abs/10.1089/acm.2014.0177,,http://online.liebertpub.com/doi/abs/10.1089/acm.2014.0177,
ashwagandha,withania somnifera,2,erectile dysfunction,sexual health,plant / herb,,"634,000",ashwagandha erectile dysfunction,"In a single pilot study on 46 men with low-sperm count, ashwagandha supplementation appeared to increase sperm count by 167%, semen volume by 53%, & sperm motility by 57%.",Evidence-based complimentary & alternative medicine,http://onlinelibrary.wiley.com/o/cochrane/clcentral/articles/963/CN-00977963/frame.html,,,http://onlinelibrary.wiley.com/o/cochrane/clcentral/articles/963/CN-00977963/frame.html
ashwagandha,withania somnifera,2,rheumatoid arthritis,musculoskeletal,plant / herb,,"407,000",ashwagandha rheumatoid arthritis,"A recent (2015) pilot study on 86 patients found that in combination with Sidh Makardhwaj (a mineral & herbal medicine), Ashwagandha reduced pain & inflammation. However, study limitations including 'small sample size, short duration, non randomization and lack of a control group' mean further studies are necessary.",Indian Journal of Medical Research,http://onlinelibrary.wiley.com/o/cochrane/clcentral/articles/011/CN-01197011/frame.html,,,http://onlinelibrary.wiley.com/o/cochrane/clcentral/articles/011/CN-01197011/frame.html
astaxanthin,,1,oxidative stress,general health,compound,OTW,"261,000",astaxanthin oxidative stress,"Promising results in rats, but no human trials yet.","Cochrane, PLoS One",http://onlinelibrary.wiley.com/o/cochrane/clcentral/articles/581/CN-00909581/frame.html,,,http://onlinelibrary.wiley.com/o/cochrane/clcentral/articles/581/CN-00909581/frame.htmlhttps://journals.plos.org/plosone/article?id=10.1371/journal.pone.0146438
astragalus,,2,"dna damage, immune system",general health,plant / herb,OTW,"740,000",astragalus immune system,"Astragalus stengthens the immune system, boosting resistance to infections. However, studies are limited.","Block, Mead (2003)",http://www.ncbi.nlm.nih.gov/pubmed/15035888,,,http://www.ncbi.nlm.nih.gov/pubmed/15035888
astragalus,,3,chronic kidney disease,general health,plant / herb,,"354,000",astragalus kidney disease,"Astagalus might have significant positive effects for patients with chronic kidney disease when combined with conventional treatments. However, the evidence is of low quality.",Cochrane,http://onlinelibrary.wiley.com/doi/10.1002/14651858.CD008369.pub2/abstract,http://onlinelibrary.wiley.com/doi/10.1002/14651858.CD008369.pub2/abstract,,
bee pollen,,1,cancer,cancer,other,,"3,730,000",bee pollen cancer,A study of high-dose benfotiamine (300 mg/day) supplementation over 24 months showed no significant effects upon peripheral nerve function or soluble markers of inflammation in patients with type 1 diabetes.,European Journal of Medicinal Chemistry,http://www.ncbi.nlm.nih.gov/pubmed/20598400,,,http://www.ncbi.nlm.nih.gov/pubmed/20598400
benfotiamine,fat-soluble thiamin,3,"anti-aging, diabetes","diabetes, general health",compound,,"311,000",benfotiamine diabetes,"The findings are mixed, with some trials showing no effect and some showing some short-term benefits.",Cochrane,http://www.cochrane.org/CD009403/RENAL_vitamin-b-and-its-derivatives-for-diabetic-kidney-disease,http://www.cochrane.org/CD009403/RENAL_vitamin-b-and-its-derivatives-for-diabetic-kidney-disease,http://www.researchgate.net/profile/Boris_Mankovsky/publication/274180185_Benfotiamine_Commentary_and_update_on_recent_studies/links/55256a0b0cf24b822b40313b.pdf,
beta-glucans,,1,cancer,cancer,compound,OTW,"280,000",beta glucans cancer,"Compounds found in brewers' yeast and mushrooms. Most studies so far have been done in animals or test tubes, rather than on human subjects. It appears that beta-glucans inhibit tumor growth in mice. Trials on human subjects are needed.",Evidence-Based Complementary and Alternative Medicine,http://www.hindawi.com/journals/ecam/2014/252171/,,,http://www.hindawi.com/journals/ecam/2014/252171/
beta-glucans,,4,"colds, immune system","infections, respiratory",compound,OTW,"558,000",beta glucans respiratory infection,Reduced number of colds by 25% and severity of symptoms by 15%. Might increase the body's ability to fend off infections.,Molecular Nutrition and Food Research,http://onlinelibrary.wiley.com/doi/10.1002/mnfr.201300338/full,,http://onlinelibrary.wiley.com/doi/10.1002/mnfr.201300338/full,
bitter melon,,1,diabetes,diabetes,plant / herb,,"1,150,000",bitter melon diabetes,There is not enough evidence to support using bitter melon in the treatment of diabetes.,Cochrane,http://www.cochrane.org/CD007845/ENDOC_momordica-charantia-for-type-2-diabetes-mellitus,http://www.cochrane.org/CD007845/ENDOC_momordica-charantia-for-type-2-diabetes-mellitus,,
black cohosh,,2,menopause,women,plant / herb,OTW,"530,000",black cohosh menopause,There is insufficient evidence to claim that black cohosh improves menopause symptoms.,Cochrane,http://www.cochrane.org/CD007244/MENSTR_black-cohosh-cimicifuga-spp.-for-menopausal-symptoms,http://www.cochrane.org/CD007244/MENSTR_black-cohosh-cimicifuga-spp.-for-menopausal-symptoms,,
black tea,,1,cancer prevention,cancer,plant / herb,,"151,000,000",black tea cancer,Reviews have found no association between black tea and ovarian or breast cancer risk.,Nutrition and Cancer,http://www.tandfonline.com/doi/abs/10.1080/01635581.2014.936947#.Va-yTBNVhBc,,http://www.tandfonline.com/doi/abs/10.1080/01635581.2014.936947#.Va-yTBNVhBc,
borage seed oil,,4,rheumatoid arthritis,musculoskeletal,plant / herb,,"93,300",rheumatoid arthritis,"Borage seed oil improves pain and function, and probably has no adverse effects.",Cochrane,http://www.cochrane.org/CD002948/MUSKEL_herbal-therapy-for-rheumatoid-arthritis,http://www.cochrane.org/CD002948/MUSKEL_herbal-therapy-for-rheumatoid-arthritis,,
bromelain,,3,arthritis,musculoskeletal,enzyme,,"571,000",bromelain arthritis,Bromelain reduces arthritis symptoms. More research into dosage and adverse effects is required.,Annals of Internal MedicineCommon Knowledge,http://commons.pacificu.edu/pa/475/,,http://commons.pacificu.edu/pa/475/,http://www.ncbi.nlm.nih.gov/pubmed/15841258
butterbur,petasites hybridus,2,migraines,pain,plant / herb,,"59,700",butterbur migraines,Butterbur extract may lower the frequency and severity of migraines.,Neurology,http://www.neurology.org/content/78/17/1346.short,,http://www.neurology.org/content/78/17/1346.short,
caffeine,,2,"alzheimer's disease, dementia",mental health,plant / herb,,"4,110,000",caffeine dementia,Caffiene appears to slow cognitive decline and prevent Alzheimer's. But the results are not definitive.,Santos et al 2010,http://www.ncbi.nlm.nih.gov/pubmed/20182026,,http://www.ncbi.nlm.nih.gov/pubmed/20182026,
caffeine,,5,memory,cognition,compound,OTW,"34,200,000",caffeine memory,Enhances consolidation of long term memories. Improves memory in young adults during their non-optimal time of day (mornings).,"Borota et al 2014, Frontiers in Psychology",http://www.ncbi.nlm.nih.gov/pubmed/24413697,,,http://www.ncbi.nlm.nih.gov/pubmed/24413697https://www.frontiersin.org/articles/10.3389/fpsyg.2016.01764/full?utm_medium=google
caffeine,,2,skin cancer,cancer,compound,OTW,"19,300,000",caffeine skin cancer,Epidemiological evidence shows women who consume more than three cups of coffee a day have a lower cancer risk than people who drink less than one cup per month.,Song et al. 2012,http://cancerres.aacrjournals.org/content/72/13/3282,,,http://cancerres.aacrjournals.org/content/72/13/3282
calcium,,4,blood pressure,cardio,mineral,,"101,000,000",calcium blood pressure,"High quality evidence has shown that extra calcium can slightly reduce blood pressure, especially in people younger than 35.",Cochrane,http://www.cochrane.org/CD010037/HTN_extra-calcium-to-prevent-high-blood-pressure,http://www.cochrane.org/CD010037/HTN_extra-calcium-to-prevent-high-blood-pressure,,
calcium,,4,colorectal cancer,cancer,mineral,,"10,700,000",calcium colorectal cancer,"No evidence that calcium supplementation stops colorectal cancer itself, but it does inhibit potentially pre-cancerous colorectal polyps (adenomatous polyps)",Cochrane,http://www.cochrane.org/CD003548/COLOCA_daily-intake-of-1-gr-dietary-calcium-may-have-moderate-protective-effect-on-development-of-colorectal-adenomatous-polyps,http://www.cochrane.org/CD003548/COLOCA_daily-intake-of-1-gr-dietary-calcium-may-have-moderate-protective-effect-on-development-of-colorectal-adenomatous-polyps,,
calcium,,2,osteoporosis in postmenopausal women,"musculoskeletal, women",mineral,,"3,710,000",calcium postmenopausal osteoporosis,"Calcium might help to prevent fractures, although the results have been contradictory.",PubMed,http://www.ncbi.nlm.nih.gov/pubmed/21289325,,http://www.ncbi.nlm.nih.gov/pubmed/21289325,
calcium + vit. D,,5,bone health,musculoskeletal,mineral,,"43,900,000",calcium vitamin d bone health,"A review of eight studies including 30,970 participants found that calcium plus vitamin D supplementation reduced total fracture risk by 15% and hip fracture risk by 30%. Numerous sensitivity and subgroup analyses produced similar summary associations",Osteoporosis International,https://link.springer.com/article/10.1007/s00198-015-3386-5,,https://link.springer.com/article/10.1007/s00198-015-3386-5,
calcium + vit. D,,3,"breast cancer in premenopausal women, cancer","cancer, women",mineral,,"52,100,000",calcium vitamin D cancer,There is no firm evidence that calcium and vitamin D supplementation decreases cancer risk.,Cochrane,http://onlinelibrary.wiley.com/doi/10.1002/14651858.CD007469.pub2/abstract,http://onlinelibrary.wiley.com/doi/10.1002/14651858.CD007469.pub2/abstract,http://www.cancer.gov/about-cancer/causes-prevention/risk/diet/vitamin-d-fact-sheet#q3,
cannabis,,3,nausea and vomiting due to chemotherapy,cancer,plant / herb,,"703,000",cannabis chemotherapy nausea,Promising evidence showing a reduction in nausea and vomiting caused by chemotherapy. The FDA has approved 2 synthetic cannabis drugs for treating chemo-related nausea.,"Cochrane, NAP",http://www.cochrane.org/CD009464/GYNAECA_cannabis-based-medicine-nausea-and-vomiting-people-treated-chemotherapy-cancer,http://www.cochrane.org/CD009464/GYNAECA_cannabis-based-medicine-nausea-and-vomiting-people-treated-chemotherapy-cancer,https://www.nap.edu/read/24625/chapter/4#53,
cannabis,,3,glaucoma,eyes,plant / herb,,"1,490,000",cannabis glaucoma,"Definitely lowers eye pressure, but only temporarily (3-4hrs). Since Glaucoma is a long-term disease, a LOT of cannabis would be required to maintain low pressure levels. Also, cannabis might cause additional damage to the eye by restricting blood flow to the optic nerve.",American Glaucoma Society,https://community.americanglaucomasociety.net/about/statements,,,https://community.americanglaucomasociety.net/about/statements
cannabis,,5,Multiple Sclerosis (MS),neurological,plant / herb,,"22,700,000",cannabis Multiple Sclerosis MS,"2 studies involving a total of 790 subjects showed positive results. Improved muscle spasms, pain, sleep quality, and mobility. Cannabis drug Sativex is approved for use in MS patients in 30 countries.",Journal of Ethnopharmacology,http://www.sciencedirect.com/science/article/pii/S0378874106000821,,,http://www.sciencedirect.com/science/article/pii/S0378874106000821
cannabis,,4,chronic pain,pain,plant / herb,,"79,400,000",cannabis pain,Several good quality trials have shown cannabinoids to be modestly effective in treating chronic pain. The harms and side-effects may outweigh the benefits though. Larger and longer trials needed.,"British Journal of Clinical Pharmacology, Cochrane",https://www.cochranelibrary.com/cdsr/doi/10.1002/14651858.CD012182.pub2/full?highlightAbstract=cannabis&highlightAbstract=cannabi,https://www.cochranelibrary.com/cdsr/doi/10.1002/14651858.CD012182.pub2/full?highlightAbstract=cannabis&highlightAbstract=cannabi,http://onlinelibrary.wiley.com/doi/10.1111/j.1365-2125.2011.03970.x/full,
capsaicin,,1,non-allergic rhinitis,general health,plant / herb,,"89,900",capsaicin non allergic rhinitis,"Capsaicin comes from chili peppers. Evidence has found that inhaling 4 micrograms at least 5 times a day can reduce inflammation, but the quality of the evidence is low.",Cochrane,http://www.cochrane.org/CD010591/ENT_capsaicin-non-allergic-rhinitis,http://www.cochrane.org/CD010591/ENT_capsaicin-non-allergic-rhinitis,,
carnosine,,1,anti-aging,general health,compound,,"292,000",carnosine anti aging,"Promising results in mice and in vitro, but no human trials yet.",Molecules in Focus,http://www.sciencedirect.com/science/article/pii/S1357272598000600,,,http://www.sciencedirect.com/science/article/pii/S1357272598000600
cat's claw,,1,cancer,cancer,plant / herb,,"526,000",cat's claw cancer,No human trials.,Anticancer Research,http://europepmc.org/abstract/med/11724307,,,http://europepmc.org/abstract/med/11724307
chamomile,,1,bowel disorders,digestion,plant / herb,,"765,000",chamomile bowel disorder,No high-quality human trials.,Der Pharma Chemica,https://www.derpharmachemica.com/abstract/chamomile-efficacy-in-patients-of-the-irritable-bowel-syndrome-6898.html,,,https://www.derpharmachemica.com/abstract/chamomile-efficacy-in-patients-of-the-irritable-bowel-syndrome-6898.html
"chocolate, dark",,3,blood pressure,cardio,plant / herb,,"26,800,000",dark chocolate blood pressure,"Chemicals known as flavanols, found in cocoa products, are thought to widen blood vessels and cause a minor drop in blood pressure. Further trials are needed to ascertain long-term efficacy. Does not apply to mllk chocolate.",Cochrane,http://onlinelibrary.wiley.com/doi/10.1002/14651858.CD008893.pub2/abstract,http://onlinelibrary.wiley.com/doi/10.1002/14651858.CD008893.pub2/abstract,,
chromium,,2,diabetes,diabetes,mineral,,"7,520,000",chromium diabetes,"Chromium might lower blood glucose levels. It might also help with fat loss, which could benefit those with diabetes.",Cochrane,http://www.cochrane.org/CD010063/ENDOC_chromium_picolinate_supplementation_for_overweight_or_obese_people,http://www.cochrane.org/CD010063/ENDOC_chromium_picolinate_supplementation_for_overweight_or_obese_people,,
cinnamon,,1,diabetes,diabetes,plant / herb,,"24,200,000",cinnamon diabetes,Cinnamon is no more effective than placebo in controlling glucose levels.,Cochrane,http://www.cochrane.org/CD007170/ENDOC_cinnamon-for-diabetes-mellitus,http://www.cochrane.org/CD007170/ENDOC_cinnamon-for-diabetes-mellitus,,
coconut oil,,4,obesity,"cardio, general health",plant / herb,,"10,100,000",coconut oil obesity,"30ml of coconut oil per day might help to reduce waist size, possibly because the fat in coconut oil isn't easily stored.",Cochrane,http://onlinelibrary.wiley.com/o/cochrane/clcentral/articles/529/CN-00721529/frame.html,,,http://onlinelibrary.wiley.com/o/cochrane/clcentral/articles/529/CN-00721529/frame.html
coffee,,6,heart disease,cardio,plant / herb,,"134,000,000",coffee heart disease,"A metastudy found that the more coffee a person drinks, the lower their risk of cardiovascular disease. The optimum amount of coffee for this benefit was 3-5 per day.",Epidemiology and Prevention,http://circ.ahajournals.org/content/129/6/643.long,,http://circ.ahajournals.org/content/129/6/643.long,
coffee,,3,mortality,general health,plant / herb,,"54,600,000",coffee mortality,"A large study of over 650,000 people found that coffee drinking reduced all cause mortality, whether it was instant, ground, or decaffeinated.",JAMA International Medicine,https://jamanetwork.com/journals/jamainternalmedicine/article-abstract/2686145,,,https://jamanetwork.com/journals/jamainternalmedicine/article-abstract/2686145
colostrinin,,1,alzheimer's disease,mental health,compound,OTW,"8,280",colostrinin alzheimer's disease,A few small human studies suggest possible effects on Alzheimers.,The Journal of Nutritional Health and Aging,http://www.ncbi.nlm.nih.gov/pubmed?term=new%20insights%20colostrinin,,,http://www.ncbi.nlm.nih.gov/pubmed?term=new%20insights%20colostrinin
CoQ10,ubiquinol,3,diabetes,diabetes,enzyme,,"1,190,000",CoQ10 diabetes,"CoQ10 improves insulin secretion in those with type 2 diabetes. However, human trials have been tiny.",Biofactors,http://onlinelibrary.wiley.com/doi/10.1002/biof.1038/abstract?userIsAuthenticated=false&deniedAccessCustomisedMessage=,,,http://onlinelibrary.wiley.com/doi/10.1002/biof.1038/abstract?userIsAuthenticated=false&deniedAccessCustomisedMessage=
CoQ10,ubiquinol,1,migraine,pain,enzyme,,"340,000",CoQ10 migraine,Some tentative evidence that CoQ10 might affect migraine sensitivity. But much more research needed.,Sage,http://cep.sagepub.com/content/31/8/897.short,,,http://cep.sagepub.com/content/31/8/897.short
CoQ10,,1,blood pressure,cardiovascular,enzyme,,"1,390,000",coq10 blood pressure,Pooled data from two trials showed that coenzyme Q10 did not affect blood pressure compared to placebo.',Cochrane,http://www.cochrane.org/CD007435/HTN_coenzyme-q10-high-blood-pressure,http://www.cochrane.org/CD007435/HTN_coenzyme-q10-high-blood-pressure,,
cranberry,"cranberry juice, cranberries",1,urinary tract infections,"urinary, women",plant / herb,,"880,000",cranberry urinary tract infections,There is no statistically significant evidence that cranberry juice or supplements prevent UTIs.,Cochrane,http://www.cochrane.org/CD001321/RENAL_cranberries-for-preventing-urinary-tract-infections,http://www.cochrane.org/CD001321/RENAL_cranberries-for-preventing-urinary-tract-infections,,
creatine & CoQ10,,3,cognition,mental health,compound,,"326,000",creatine CoQ10 cognition,"Creatine doesn't have a significant effect in those with normal brain function, but it can benefit those with impaired brain function when combined with CoQ10.",European Neurology,http://www.karger.com/Article/Abstract/377676,,,http://www.karger.com/Article/Abstract/377676
dandelion,dandelion soup,3,tonsillitis,infections,plant / herb,,"338,000",dandelion tonsillitis,"Dandelion might have antimicrobial properties, which could help with throat infections.",Evidence-Based Health Care,http://onlinelibrary.wiley.com/doi/10.1002/14651858.CD004877.pub3/abstract,,,http://onlinelibrary.wiley.com/doi/10.1002/14651858.CD004877.pub3/abstract
devil's claw,,4,arthritis,musculoskeletal,plant / herb,,"226,000",devil's claw arthritis,Devil's Claw extract can reduce lower back pain by blocking the pathways that cause joint inflammation.,Cochrane,http://onlinelibrary.wiley.com/doi/10.1002/14651858.CD004504.pub4/abstract,http://onlinelibrary.wiley.com/doi/10.1002/14651858.CD004504.pub4/abstract,,
DHEA,,1,ageing,general health,compound,,"260,000",DHEA ageing,"DHEA has no beneficial impact on body composition, performance etc.",PubMed,http://www.ncbi.nlm.nih.gov/pubmed/17050889,,,http://www.ncbi.nlm.nih.gov/pubmed/17050889
DHEA,,3,memory in young men,"cognition, men",compound,OTW,"2,000,000",DHEA memory,DHEA might improve memory in young men.,Cochrane,http://www.cochrane.org/CD006221/DEMENTIA_no-current-evidence-for-an-improvement-in-memory-or-other-aspects-of-cognitive-function-of-non-demented-older-people-following-dhea-supplements,http://www.cochrane.org/CD006221/DEMENTIA_no-current-evidence-for-an-improvement-in-memory-or-other-aspects-of-cognitive-function-of-non-demented-older-people-following-dhea-supplements,,
dong quai,,0,menopause in breast cancer patients,"cancer, reproductive",plant / herb,,"343,000",dong quai menopause,Long term safety data is non-existent. May increase risk of cancer.,Lau et al. 2005,http://www.ncbi.nlm.nih.gov/pubmed/20833608,,http://www.ncbi.nlm.nih.gov/pubmed/20833608,http://www.ncbi.nlm.nih.gov/pubmed/16278617?dopt=Abstract
echinacea,,3,colds,infections,plant / herb,,"743,000",echinacea colds,"Echinacea might have a slight impact on preventing and treating colds, but the results are statistically insignificant.",Cochrane,http://www.cochrane.org/CD000530/ARI_echinacea-for-preventing-and-treating-the-common-cold,http://www.cochrane.org/CD000530/ARI_echinacea-for-preventing-and-treating-the-common-cold,,
eggshell membrane,,5,"joints, arthritis",general health,other,OTW,"148,000",eggshell membrane arthritis,Egg shell membrane eases joints by increasing cell production and decreasing inflammation. 500mg a day gives rapid results.,Cochrane,http://onlinelibrary.wiley.com/o/cochrane/clcentral/articles/993/CN-00718993/frame.html,,,http://onlinelibrary.wiley.com/o/cochrane/clcentral/articles/993/CN-00718993/frame.html
elderberry,,1,flu,infections,plant / herb,OTW,"1,740,000",elderberry flu,Several in vitro studies together with two exploratory studies in humans and one open study in chimpanzees indicate that the aqueous elderberry extract Sambucol may be useful for the treatment of viral influenza infections. These promising effects of elderberry fruit preparations from experimental and clinical studies should be backed by more rigorous studies before these preparations are recommended in the prevention of diseases and in treatment schedules.,Phytotherapy Research,,,http://www.ncbi.nlm.nih.gov/pubmed/19548290,http://www.actahort.org/books/1061/1061_12.htm
evening primrose oil,,1,PMS,"reproductive, women",plant / herb,,"692,000",evening primrose oil PMS,Evening primrose oil is no more effective than placebo.,Journal of Psychosomatic Obstetrics and Gynecology,http://www.tandfonline.com/doi/abs/10.3109/0167482X.2010.538102#.Vcnzd5NVhBc,,http://www.tandfonline.com/doi/abs/10.3109/0167482X.2010.538102#.Vcnzd5NVhBc,
feverfew,,5,migraine,pain,plant / herb,,"8,970,000",fish oil omega 3 low sperm count,Feverfew reduces migraine frequency by just over half a migraine a month.,Cochrane,http://www.cochrane.org/CD002286/SYMPT_feverfew-for-preventing-migraine,http://www.cochrane.org/CD002286/SYMPT_feverfew-for-preventing-migraine,,
fish oil / omega 3,,1,"Alzheimer's, dementia",mental health,compound,,"2,650,000",fish oil omega 3 Alzheimer's,"In the largest and longest study of its kind, researchers found that fish oil/omega 3 had no statistically significant impact on cognitive decline.",The Journal of the American Medical Association,http://jama.jamanetwork.com/article.aspx?articleid=2429713,,,http://jama.jamanetwork.com/article.aspx?articleid=2429713
fish oil / omega 3,,1,asthma,respiratory,compound,,"3,950,000",fish oil omega 3 asthma,"Eating more fish has been recommended as one way of possibly reducing asthma. Populations (such as Eskimo communities) with diets high in fish also have low rates of asthma. As diets in other communities have become higher in saturated fats, asthma has also increased. The theory has been that an ingredient in fish oil may reduce inflammation. Inflammation causes the swelling in the airways of the lungs that leads to asthma attacks. However, this review of trials found that people with asthma changing their diets to include more fish oil did not improve their asthma.",Cochrane,https://www.cochranelibrary.com/cdsr/doi/10.1002/14651858.CD001283/abstract,https://www.cochranelibrary.com/cdsr/doi/10.1002/14651858.CD001283/abstract,,http://erj.ersjournals.com/content/16/5/861.short
fish oil / omega 3,,2,cancer symptoms,cancer,compound,,"159,000,000",fish oil omega 3 cancer symptoms,Fish oil can counter chemotherpay-related damage to white blood cells.,Lipids,http://link.springer.com/article/10.1007/s11745-011-3643-0#page-2,,,http://link.springer.com/article/10.1007/s11745-011-3643-0#page-2
fish oil / omega 3,,2,child intelligence,"mental health, children",compound,,"31,900,000",fish oil omega 3 child intelligence,Fish oil supplementation has a very minor positive impact on some measures of learning and performance.,PubMed,http://www.ncbi.nlm.nih.gov/pubmed/20171055,,,http://www.ncbi.nlm.nih.gov/pubmed/20171055
fish oil / omega 3,,4,colorectal cancer,cancer,compound,,"47,600,000",fish oil omega 3 colorectal cancer,It is thought that omega 3 reduces the risk of colorectal cancer and is effective in its treatment.,Gut: British Society of Gastroenterology,http://gut.bmj.com/content/early/2011/04/13/gut.2010.233718.full.pdf+html?hwshib2=authn%3A1439389225%3A20150811%253Aa4d0ff88-5170-49d2-91d9-7d94a4d81dd6%3A0%3A0%3A0%3Aa7F3BE99QRz8a3GQ7Dlevw%3D%3D,,,http://gut.bmj.com/content/early/2011/04/13/gut.2010.233718.full.pdf+html?hwshib2=authn%3A1439389225%3A20150811%253Aa4d0ff88-5170-49d2-91d9-7d94a4d81dd6%3A0%3A0%3A0%3Aa7F3BE99QRz8a3GQ7Dlevw%3D%3D
fish oil / omega 3,,1,Crohn's disease,digestion,compound,,"31,800,000",fish oil omega 3 Crohn's disease,Omega 3 probably has no beneficial effect for those with Crohn's Disease.,Cochrane,http://www.cochrane.org/reviews/en/ab006320.html,http://www.cochrane.org/reviews/en/ab006320.html,,
fish oil / omega 3,,2,cystic fibrosis,general health,compound,,"9,790,000",fish oil omega 3 cystic fibrosis,"There may be some benefit to people with cystic fibrosis taking regular omega-3 supplements, but larger, longer studies are needed for confirmation.",Cochrane,http://www.cochrane.org/CD002201/CF_use-omega-3-supplements-people-cystic-fibrosis,http://www.cochrane.org/CD002201/CF_use-omega-3-supplements-people-cystic-fibrosis,,
fish oil / omega 3,,3,low sperm count,reproductive,compound,,"15,200,000",fish oil omega 3 diabetes,A small study of 211 men it was found that omega 3 supplementation significantly increased sperm count.,Cochrane,http://onlinelibrary.wiley.com/o/cochrane/clcentral/articles/203/CN-00780203/frame.html,,,http://onlinelibrary.wiley.com/o/cochrane/clcentral/articles/203/CN-00780203/frame.html
fish oil / omega 3,,1,diabetes,diabetes,compound,,"15,200,000",fish oil omega 3 diabetes,Omega 3 probably has no beneficial effect for those with type 2 diabetes.,Cochrane,http://www.cochrane.org/CD003205/ENDOC_omega-3-polyunsaturated-fatty-acids-pufa-for-type-2-diabetes-mellitus,http://www.cochrane.org/CD003205/ENDOC_omega-3-polyunsaturated-fatty-acids-pufa-for-type-2-diabetes-mellitus,,
fish oil / omega 3,,0,prostate cancer,cancer,compound,,"1,610,000",fish oil omega 3 prostate cancer,Recent studies have linked fish oil intake with increased prostate cancer risk.,Journal of the National Cancer Institutue.,http://jnci.oxfordjournals.org/content/early/2013/07/09/jnci.djt174.abstract,,,http://jnci.oxfordjournals.org/content/early/2013/07/09/jnci.djt174.abstract
fish oil / omega 3,,2,psychosis,mental health,compound,,"440,000",omega 3 fish oil psychosis,"In one study, supplementation delayed the onset of psychosis in those on track to develop certain mental health conditions.",Nature Communications,http://www.nature.com/ncomms/2015/150811/ncomms8934/full/ncomms8934.html,,,http://www.nature.com/ncomms/2015/150811/ncomms8934/full/ncomms8934.html
fish oil / omega 3,,2,depression,mental health,compound,,"6,800,000",fish oil omega 3 depression,"Our primary analyses suggest a small-to-modest, non-clinically beneficial effect of n-3PUFAs on depressive symptomology compared to placebo; however the estimate is imprecise, and we judged the quality of the evidence on which this result is based to be low/very low.'",Cochrane,http://www.cochrane.org/CD004692/DEPRESSN_omega-3-fatty-acids-depression-adults,http://www.cochrane.org/CD004692/DEPRESSN_omega-3-fatty-acids-depression-adults,,
fish oil / omega 3,,3,cardiovascular disease,cardio,compound,,"233,000,000",fish oil omega 3 heart disease,"Two large (10,000+) open-label trials found that 1g or more of omega-3 fatty acids per day gave significant protection against coronary events. However, subsequent placebo-controlled trials did not. The authors conclude that, overall, the hypothesis that omega-3 supplements protect the heart in various ways is plausible & supported by numerous studies, but more research is needed.","New England Journal of Medicine, JAMA Cardiology, Cochrane",http://www.cochrane.org/CD003177/VASC_there-is-not-enough-evidence-to-say-that-people-should-stop-taking-rich-sources-of-omega-3-fats-but-further-high-quality-trials-are-needed-to-confirm-the-previously-suggested-protective-effect-of-omega-3-fats-for-those-at-increased-cardiovas,http://www.cochrane.org/CD003177/VASC_there-is-not-enough-evidence-to-say-that-people-should-stop-taking-rich-sources-of-omega-3-fats-but-further-high-quality-trials-are-needed-to-confirm-the-previously-suggested-protective-effect-of-omega-3-fats-for-those-at-increased-cardiovas,https://jamanetwork.com/journals/jamacardiology/fullarticle/2670752,http://www.nejm.org/doi/full/10.1056/NEJMoa1205409; https://www.nejm.org/doi/full/10.1056/NEJMoa1811403; http://www.bmj.com/cgi/reprint/337/dec23_2/a2931
fish oil / omega 3 (in pregnancy),,6,preterm birth,reproductive,compound,,"212,000,000",fish oil omega 3 preterm birth,"A meta-analysis concluded that preterm birth & early preterm birth were reduced in women receiving omega-3. Most of the important studies assessed were of high or moderate quality, & more studies to establish causality of omega-3 in relation to pre-term birth are not needed.",Cochrane,https://www.cochrane.org/CD003402/PREG_omega-3-fatty-acid-addition-during-pregnancy,https://www.cochrane.org/CD003402/PREG_omega-3-fatty-acid-addition-during-pregnancy,,
flax seeds,,1,breast cancer,"cancer, women",plant / herb,,"1,320,000",flax seeds breast cancer,Population studies indicate a slight possibility flaxeed could reduce breast cancer tumour growth. No controlled trials have been carried out.,Cancer Causes Control,http://link.springer.com/article/10.1007/s10552-013-0155-7#page-2,,,http://link.springer.com/article/10.1007/s10552-013-0155-7#page-2
folic acid,,5,birth defects,children,vitamin,,"1,780,000",folic acid birth defects,"Folic acid helps to prevent birth defects, but timing of supplementation is important.",Cochrane,http://onlinelibrary.wiley.com/doi/10.1002/14651858.CD007950.pub2/full,http://onlinelibrary.wiley.com/doi/10.1002/14651858.CD007950.pub2/full,,
folic acid,,0,cancer,cancer,vitamin,,"19,000,000",folic acid cancer,When combined with vitamin B12 can be associated with increased cancer risk.,Cochrane,http://onlinelibrary.wiley.com/o/cochrane/clsysrev/articles/CD007950/frame.html,,,http://onlinelibrary.wiley.com/o/cochrane/clsysrev/articles/CD007950/frame.html
GABA,,4,"stress, anxiety",mental health,compound,,"3,880,000",gaba stress anxiety,"Collectively, the literature reveals preclinical and clinical evidence for various phytomedicines modulating GABA-pathways, with comparative anxiolytic effect to the current array of pharmaceuticals, along with good safety and tolerability profiles",Phytotherapy Research,https://www.ncbi.nlm.nih.gov/pubmed/29168225,,https://www.ncbi.nlm.nih.gov/pubmed/29168225,http://www.ncbi.nlm.nih.gov/pmc/articles/PMC3985106/
garlic,,1,blood pressure,cardio,plant / herb,,"24,700,000",garlic blood pressure,"Garlic might reduce blood pressure, but further research is required.",Cochrane,http://www.cochrane.org/CD007653/HTN_garlic-for-hypertension,http://www.cochrane.org/CD007653/HTN_garlic-for-hypertension,,
garlic,aged garlic extract,2,cancer treatment,cancer,vegetable,,"19,300,000",garlic cancer treatment,"Although there were inconsistent evidence from human studies, results of the animal and laboratory results were mostly consistent. The overall findings may suggest that intakes of aged garlic are inversely associated with cancer. Overall, the current findings are not sufficient to assess the effects of aged garlic on cancer. However, due to anticancer properties of aged garlic, its consumption along with healthy diet may have beneficial effects on cancer. More clinical trials and prospective cohort human studies with adequate sample size are necessary.",International Journal of Preventative Medicine,https://www.ncbi.nlm.nih.gov/pmc/articles/PMC6212616/,,https://www.ncbi.nlm.nih.gov/pmc/articles/PMC6212616/,
garlic,,3,cancer prevention,cancer,plant / herb,,"8,080,000",garlic cancer prevention,"Garlic might prevent certain cancers, but there is a lack of clinical trial evidence. The WHO recommends consuming at least one clove a day for general health benefits.",National Cancer Institute,http://www.cancer.gov/cancertopics/factsheet/Prevention/garlic-and-cancer-prevention,,http://www.cancer.gov/cancertopics/factsheet/Prevention/garlic-and-cancer-prevention,
garlic,,1,colds,infections,plant / herb,,"3,370,000",garlic colds,There is insufficient clinical trial evidence regarding the effects of garlic in preventing or treating the common cold.,Cochrane: Garlic for the common cold,https://www.cochranelibrary.com/cdsr/doi/10.1002/14651858.CD006206.pub4/full?highlightAbstract=withdrawn%7Cgarlic%7Ccold,https://www.cochranelibrary.com/cdsr/doi/10.1002/14651858.CD006206.pub4/full?highlightAbstract=withdrawn%7Cgarlic%7Ccold,,
ginger,,4,nausea and vomiting,digestion,plant / herb,,"10,100,000",ginger nausea,Ginger prevents nausea and vomitting for some people in certain circumstances.,Annals of Oncology,https://www.ncbi.nlm.nih.gov/pmc/articles/PMC3995184/,,https://www.ncbi.nlm.nih.gov/pmc/articles/PMC3995184/,https://academic.oup.com/annonc/article/28/10/2547/3896339
gingko biloba,,1,dementia,mental health,plant / herb,,"428,000",ginkgo biloba dementia,There is insufficient clinical trial evidence for the use of ginkgo bilboa as a treatment for dementia.,University of Oxford Medical Sciences Division,http://www.ncbi.nlm.nih.gov/pubmed/20040554,,,http://www.ncbi.nlm.nih.gov/pubmed/20040554
ginseng,,1,cognitive performance,mental health,plant / herb,,"797,000",ginseng cognitive function,"There is no convincing evidence for ginseng enhancing cognition in healthy people, and only low quality evidence that it helps dementia patients.",Cochrane,http://www.cochrane.org/CD007769/DEMENTIA_no-convincing-evidence-of-a-cognitive-enhancing-effect-of-panax-ginseng.,http://www.cochrane.org/CD007769/DEMENTIA_no-convincing-evidence-of-a-cognitive-enhancing-effect-of-panax-ginseng.,,
glucosamine,,3,"arthritis, joint pain",musculoskeletal,compound,,"4,830,000",glucosamine arthritis,"Studies using a specific brand of glucosamine (Rotta) found that patients' pain decreased. However, studies using other brands found no difference between glucosamine and placebo.",Cochrane,http://www.cochrane.org/CD002946/MUSKEL_glucosamine-for-osteoarthritis,http://www.cochrane.org/CD002946/MUSKEL_glucosamine-for-osteoarthritis,,
glutamine,l-glutamine,1,gastrointestinal disease in infants,"digestion, children",compound,,"1,850,000",glutamine gastrointestinal disease,There is insufficient evidence to determine whether glutamine supplements are beneficial or harmful.,Cochrane,https://www.cochranelibrary.com/cdsr/doi/10.1002/14651858.CD005947.pub4/full?highlightAbstract=disease%7Cinfants%7Cglutamin%7Cgastrointestin%7Cyoung%7Cfor%7Csupplementation%7Cwithdrawn%7Cdiseas%7Cglutamine%7Cinfant%7Cgastrointestinal%7Cwith%7Csever%7Cfour%7Csupplement%7Csevere,https://www.cochranelibrary.com/cdsr/doi/10.1002/14651858.CD005947.pub4/full?highlightAbstract=disease%7Cinfants%7Cglutamin%7Cgastrointestin%7Cyoung%7Cfor%7Csupplementation%7Cwithdrawn%7Cdiseas%7Cglutamine%7Cinfant%7Cgastrointestinal%7Cwith%7Csever%7Cfour%7Csupplement%7Csevere,,
glutamine,,1,mortality in preterm infants,general health,compound,,"248,000",glutamine preterm,The available trial data do not provide evidence that glutamine supplementation confers important benefits for preterm infants.',Cochrane,http://www.cochrane.org/CD001457/NEONATAL_glutamine-supplementation-prevent-morbidity-and-mortality-preterm-infants,http://www.cochrane.org/CD001457/NEONATAL_glutamine-supplementation-prevent-morbidity-and-mortality-preterm-infants,,
goji berry,wolfberry,1,eye health,general health,plant / herb,,"1,880,000",goji berry eye health,Supplementation for 90 days appeared to show some improvements in eye-health for seniors. But more research is needed.,Optometry and Vision Science,http://journals.lww.com/optvissci/Abstract/2011/02000/Goji_Berry_Effects_on_Macular_Characteristics_and.12.aspx,,,http://journals.lww.com/optvissci/Abstract/2011/02000/Goji_Berry_Effects_on_Macular_Characteristics_and.12.aspx
grape seed extract,,1,"wound healing, swelling",pain,plant / herb,,"735,000",grape seed extract wound healing,Grape seed extract is being investigated for possible effect on wound healing. But no reliable or substantial studies have been carried out.,Global Journal of Health Science,http://www.ccsenet.org/journal/index.php/gjhs/article/view/40015,,,http://www.ccsenet.org/journal/index.php/gjhs/article/view/40015
green tea,,3,cancer prevention,cancer,plant / herb,,"25,800,000",green tea cancer prevention,"The evidence is conflicting. However, drinking 3-5 cups a day might have general health benefits.",Cochrane,http://www.cochrane.org/reviews/en/ab005004.html,,,http://www.cochrane.org/reviews/en/ab005004.html
green tea,,3,cholesterol,cardio,plant / herb,,"50,000,000",green tea cholesterol,"Drinking green tea might help to reduce total cholesterol levels, but trials were small and exposed to bias.",Cochrane,http://www.cochrane.org/CD009934/VASC_green-and-black-tea-to-prevent-cardiovascular-disease,http://www.cochrane.org/CD009934/VASC_green-and-black-tea-to-prevent-cardiovascular-disease,,
horse chestnut seed extract,,4,chronic venous insufficiency,cardio,plant / herb,OTW,"104,000",horse chestnut seed extract chronic venous insufficiency,"Horse chestnut seed extract is effective in treating CVI. However, further research is needed.",Cochrane,http://www.cochrane.org/CD003230/PVD_horse-chestnut-seed-extract-for-long-term-or-chronic-venous-insufficiency,http://www.cochrane.org/CD003230/PVD_horse-chestnut-seed-extract-for-long-term-or-chronic-venous-insufficiency,,
hyaluronic acid,,3,arthritis (only when injected),musculoskeletal,compound,,"1,840,000",hyaluronic acid arthritis,"Injected hyaluronic acid might have a small effect in the treatment of osteoarthritis. However, the trials are biased and the results questionable.",PubMed,http://www.ncbi.nlm.nih.gov/pubmed/14679274,,http://www.ncbi.nlm.nih.gov/pubmed/14679274,
iron,,4,child development (when not anaemic),"children, mental health, general health",mineral,,"185,000,000",iron child development -anaemia,"Iron supplementation in infants might benefit their psychomotor development, but not their mental or behavioural development.",PubMed,http://www.ncbi.nlm.nih.gov/pubmed/20410098,,,http://www.ncbi.nlm.nih.gov/pubmed/20410098
iron + folic acid,,4,maternal and infant health,reproductive,compound,,"3,320,000",iron folic acid maternal infant,Iron and folate supplementation reduces iron deficiency anaemia for pregnant women. The impact on babies is less clear.,Cochrane,http://www.cochrane.org/CD004736/PREG_effects-and-safety-preventive-oral-iron-or-iron-folic-acid-supplementation-women-during-pregnancy,http://www.cochrane.org/CD004736/PREG_effects-and-safety-preventive-oral-iron-or-iron-folic-acid-supplementation-women-during-pregnancy,,
kava,,2,anxiety,mental health,plant / herb,,"964,000",kava anxiety,"Kava might have a small but significant effect on anxiety, but more information is required about the safety of long-term use.",Cochrane,http://www.cochrane.org/CD003383/DEPRESSN_kava-extract-for-treating-anxiety,http://www.cochrane.org/CD003383/DEPRESSN_kava-extract-for-treating-anxiety,,
krill oil,,1,arthritis,musculoskeletal,other,,"670,000",krill oil arthritis,One study showed 300mg a day reduced inflammation and soothed arthritis symptoms after 7 days.,Deutsch 2007,http://www.ncbi.nlm.nih.gov/pubmed/17353582,,,http://www.ncbi.nlm.nih.gov/pubmed/17353582
krill oil,,1,PMS,women,other,,"271,000",krill oil pms,Krill oil significantly reduced both emotional and physical PMS symptoms in one study.,PubMed,http://www.ncbi.nlm.nih.gov/pubmed/12777162,,,http://www.ncbi.nlm.nih.gov/pubmed/12777162
L-arginine,,1,exercise performance,general health,compound,,"19,600,000",L arginine performance,"One study found that L-arginine had a significant beneficial impact on exercise performance. However, the trial was tiny.",Journal of Applied Psysiology,http://jap.physiology.org/cgi/content/abstract/japplphysiol.00503.2010v1,,,http://jap.physiology.org/cgi/content/abstract/japplphysiol.00503.2010v1
L-carnitine,,3,diabetes,diabetes,compound,,"2,900,000",l carnitine diabetes,L-cartinine may alleviate pain in patients with diabetic nerve issues (neuropathy).,Diabetes Care,http://care.diabetesjournals.org/content/28/1/89.short,,http://care.diabetesjournals.org/content/28/1/89.short,
L-lysine,,1,herpes,"sexual health, infections",compound,OTW,"907,000",L lysine herpes,There is no evidence that lysine has a preventative effect on cold sores.,Cochrane,http://www.cochrane.org/CD010095/SKIN_measures-preventing-cold-sores,http://www.cochrane.org/CD010095/SKIN_measures-preventing-cold-sores,,
lavender,,4,depression,mental health,plant / herb,,"31,900,000",lavender depression,"Lavender is effective in treating mild to moderate depression, especially when combined with the antidepressant imipramine.",Goulds Naturopathica,http://europepmc.org/abstract/med/21438645,,http://europepmc.org/abstract/med/21438645,
lavender,,1,"sleep, relaxation",mental health,plant / herb,,"11,100,000",lavender relaxation sleep,"One small study found inhaling lavender before bed relieves sleepiness on waking in healthy adults, but the trial was tiny.",Perceptual and Motor Skills,http://www.amsciepub.com/doi/abs/10.2466/13.15.PMS.114.1.111-122,,,http://www.amsciepub.com/doi/abs/10.2466/13.15.PMS.114.1.111-122
leucine,,1,protein synthesis,general health,compound,,"10,300,000",leucine protein synthesis,"One study found drinking leucine solution while exercising speeds up recovery, but the trial was tiny.",Pasiakos et al. 2011,http://www.ncbi.nlm.nih.gov/pubmed/21775557,,,http://www.ncbi.nlm.nih.gov/pubmed/21775557
lingzhi + san miao san,,2,arthritis,musculoskeletal,plant / herb,,"17,800",lingzhi san miao san arthritis,"A combination of Chinese herbs lingzhi and san miao san may reduce pain, but does not provide any other significant benefits (e.g. antiinflammatory).",American Journal of Clinical Nutrition,http://www.ncbi.nlm.nih.gov/pubmed/17907228,,,http://www.ncbi.nlm.nih.gov/pubmed/17907228
lutein,,1,age-related macular degeneration (AMD),eye health,compound,,"5,390,000",lutein eye health,Taking lutein alone (or combined with zeaxanthin) may have little or no effect on progression to late AMD and vision loss (low-certainty evidence).',Cochrane,http://onlinelibrary.wiley.com/doi/10.1002/14651858.CD000254.pub4/abstract,http://onlinelibrary.wiley.com/doi/10.1002/14651858.CD000254.pub4/abstract,,
lycopene,,2,prostate cancer,"cancer, men",compound,,"720,000",lycopene prostate cancer,There is insufficient evidence to support or refute the use of lycopene in preventing prostate cancer.,Cochrane,http://www.cochrane.org/CD008007/PROSTATE_lycopene-for-the-prevention-of-prostate-cancer,http://www.cochrane.org/CD008007/PROSTATE_lycopene-for-the-prevention-of-prostate-cancer,,
magnesium,,3,blood pressure,cardio,mineral,,"49,300,000",magnesium blood pressure,Low levels of magnesium in the diet are linked to high blood pressure and cholesterol. Magnesium treatment might be effective as a preventative.,International Journal of Cardiology,http://www.sciencedirect.com/science/article/pii/S016752731501270X,,,http://www.sciencedirect.com/science/article/pii/S016752731501270X
magnesium + vitamin B6,,3,child ADHD,"mental health, children",vitamin,,"1,240,000",magnesium vitamin B6 child ADHD,Children with ADHD tend to have low magnesium and vitamin B6 levels. It's unclear whether supplementation reduces the symptoms of ADHD.,Magnes Restauracja,https://www.ncbi.nlm.nih.gov/pubmed/22928358,,https://www.ncbi.nlm.nih.gov/pubmed/22928358,http://www.ncbi.nlm.nih.gov/pubmed/16846100
melatonin,,2,sleep disturbances,mental health,compound,,"16,900,000",melatonin sleep,"Melatonin can help to regulate the body-clock and improve sleep. However, it does not affect all groups of people in the same way, and the evidence is low quality.",Cochrane,https://www.cochranelibrary.com/cdsr/doi/10.1002/14651858.CD009776.pub2/full?highlightAbstract=sleep%7Cwithdrawn%7Cmelatonin,,,https://www.cochranelibrary.com/cdsr/doi/10.1002/14651858.CD009776.pub2/full?highlightAbstract=sleep%7Cwithdrawn%7Cmelatonin
milk thistle,,3,"hepatitis, diabetes","general health, infections",plant / herb,,"2,040,000",milk thistle liver disease,"Milk thistle might be beneficial in treating hepatitis and other liver diseases, and protecting the liver from the impact of diabetes. However, the trials were low quality.",Cochrane,http://www.cochrane.org/CD003620/LIVER_no-evidence-supporting-or-refuting-milk-thistle-for-alcoholic-andor-hepatitis-b-or-c-virus-liver-diseases,http://www.cochrane.org/CD003620/LIVER_no-evidence-supporting-or-refuting-milk-thistle-for-alcoholic-andor-hepatitis-b-or-c-virus-liver-diseases,,
MSM,,2,arthritis,musculoskeletal,compound,,"2,160,000",MSM arthritis,"MSM supplementation is associated with slight reduction in pain and improvement in function, but the results may not be clinically significant.",BMC Complementary and Alternative Medicine,http://www.biomedcentral.com/1472-6882/11/50/,,,http://www.biomedcentral.com/1472-6882/11/50/
myo-inositol (in pregnancy),,3,gestational diabetes,diabetes,compound,,"52,600",myo-inositol gestational diabetes,Evidence from four [low quality] trials of antenatal dietary supplementation with myo-inositol during pregnancy shows a potential benefit for reducing the incidence of gestational diabetes...Further trials for this promising antenatal intervention for preventing gestational diabetes are encouraged.',,http://www.cochrane.org/CD011507/PREG_taking-myo-inositol-dietary-supplement-during-pregnancy-prevent-development-gestational-diabetes,http://www.cochrane.org/CD011507/PREG_taking-myo-inositol-dietary-supplement-during-pregnancy-prevent-development-gestational-diabetes,,
N-acetyl cysteine (NAC),,1,"OCD, addiction",mental health,other,,"291,000",NAC OCD,"Problems with glutamate function in the brain are thought to affect addiction and compulsive behaviour. NAC might improve glutamate function, which could possibly help in the control of addictions and compulsive disorders.",Clinical Psychopharmacology and Neuroscience,http://www.ncbi.nlm.nih.gov/pmc/articles/PMC4423164/,,http://www.ncbi.nlm.nih.gov/pmc/articles/PMC4423164/,
nettles,,1,prostate-related urinary problems,"urinary, men",plant / herb,OTW,"410,000",nettles prostate,Nettles might be effective in treating urinary issues in men by reducing inflammation. But we could find no recent studies.,PubMed,http://www.ncbi.nlm.nih.gov/pubmed/16635963,,,http://www.ncbi.nlm.nih.gov/pubmed/16635963
niacin (vitamin B3),,0,heart disease,cardio,vitamin,,"3,620,000",vitamin B3 heart disease,"Although Niacin has long been thought an effective treatment for heart disease, recent findings show that it does not help, and can have severe adverse effects.",The New England Journal of Medicine.,http://www.nejm.org/doi/full/10.1056/NEJMoa1300955,,,http://www.nejm.org/doi/full/10.1056/NEJMoa1300955
olive leaf extract,,1,"blood pressure, cholesterol",cardio,plant / herb,,"5,840,000",olive leaf extract blood pressure cholesterol,"One study found that olive leaf extract has beneficial effects on vascular health, although the trial was small.",British Journal of Nutrition,http://journals.cambridge.org/action/displayAbstract?fromPage=online&aid=9860730&fileId=S0007114515001269,,,http://journals.cambridge.org/action/displayAbstract?fromPage=online&aid=9860730&fileId=S0007114515001269
omega 3,,1,child ADHD,"mental health, children",compound,,"2,360,000",omega 3 child ADHD,There is insufficient evidence to suggest omega 3 has any beneficial effect on children with ADHD.,Cochrane,http://www.cochrane.org/CD007986/BEHAV_polyunsaturated-fatty-acids-pufa-supplements-for-attention-deficit-hyperactivity-disorder-adhd-in-children-and-adolescents,http://www.cochrane.org/CD007986/BEHAV_polyunsaturated-fatty-acids-pufa-supplements-for-attention-deficit-hyperactivity-disorder-adhd-in-children-and-adolescents,,
omega 3: ALA,,1,heart disease,cardio,compound,,"1,360,000",omega 3 ALA heart disease,"There is insufficient evidence to claim that omega 3 has any impact on heart health, either in healthy people or those with cardiovascular disease.",Cochrane,http://www.cochrane.org/CD003177/VASC_there-is-not-enough-evidence-to-say-that-people-should-stop-taking-rich-sources-of-omega-3-fats-but-further-high-quality-trials-are-needed-to-confirm-the-previously-suggested-protective-effect-of-omega-3-fats-for-those-at-increased-cardiovas,http://www.cochrane.org/CD003177/VASC_there-is-not-enough-evidence-to-say-that-people-should-stop-taking-rich-sources-of-omega-3-fats-but-further-high-quality-trials-are-needed-to-confirm-the-previously-suggested-protective-effect-of-omega-3-fats-for-those-at-increased-cardiovas,,
omega 6,,1,cancer,cancer,compound,,"64,300,000",omega 6 cancer,"One study found that omega 6 prevented tumours from growing, but this was a cell study, i.e. not tested on humans.",Journal of the National Cancer Institute,http://jnci.oxfordjournals.org/cgi/content/abstract/97/21/1611?maxtoshow=&hits=10&RESULTFORMAT=&fulltext=eveing+primrose+oil&searchid=1&FIRSTINDEX=0&resourcetype=HWCIT,,,http://jnci.oxfordjournals.org/cgi/content/abstract/97/21/1611?maxtoshow=&hits=10&RESULTFORMAT=&fulltext=eveing+primrose+oil&searchid=1&FIRSTINDEX=0&resourcetype=HWCIT
omega 6,,1,heart health,cardio,compound,,"68,400,000",omega 6 heart health,"Standard medical advice has been to substitute 'bad fats' with 'good fats' for heart health. However, omega 6, a 'good fat', has been found to have no benefit on heart health.",British Medical Journal,http://www.bmj.com/content/346/bmj.e8707,,,http://www.bmj.com/content/346/bmj.e8707
pau darco,,0,decongestant,general health,plant / herb,,"35,100",pau d'arco decongestant,"Highly toxic. If used at all, should be used with extreme caution.",Oncology Nursing Forum,https://pdfs.semanticscholar.org/582a/65c49c737111cc5416303877d4c5c0c5a093.pdf,,,https://pdfs.semanticscholar.org/582a/65c49c737111cc5416303877d4c5c0c5a093.pdf
peppermint oil,,5,IBS,digestion,plant / herb,,"1,080,000",peppermint oil IBS,"Peppermint oil relaxes muscles, which relieves IBS-related muscle spasms. Peppermint oil might be more effective than conventional anti-spasmodics and fibre treatment.",Cochrane,https://www.cochranelibrary.com/cdsr/doi/10.1002/14651858.CD003460.pub3/full?highlightAbstract=withdrawn%7Cib%7Cibs%7Cpeppermint,https://www.cochranelibrary.com/cdsr/doi/10.1002/14651858.CD003460.pub3/full?highlightAbstract=withdrawn%7Cib%7Cibs%7Cpeppermint,,
piracetam,,3,"memory, dementia",mental health,compound,,"475,000",piracetam memory,The evidence does not support the use of piracetam as a treatment for cognitive impairment.,Cochrane,https://www.cochranelibrary.com/cdsr/doi/10.1002/14651858.CD001011/full?highlightAbstract=withdrawn%7Cpiracetam,https://www.cochranelibrary.com/cdsr/doi/10.1002/14651858.CD001011/full?highlightAbstract=withdrawn%7Cpiracetam,,
potassium,,1,blood pressure,cardio,mineral,,"56,000,000",potassium blood pressure,Medication that prevents potassium loss has no significant impact on blood pressure at low doses. Trials at high doses are unavailable.,Cochrane,http://www.cochrane.org/CD008167/HTN_the-blood-pressure-lowering-effect-of-enac-blockers-is-not-known,http://www.cochrane.org/CD008167/HTN_the-blood-pressure-lowering-effect-of-enac-blockers-is-not-known,,
probiotics,,3,"cholesterol, blood pressure",cardio,other,,"8,880,000",probiotics cholesterol blood pressure,The evidence for probiotics as cholesterol-lowering is conflicting and results are unclear.,Internal Journal of Molecular Sciences,http://www.mdpi.com/1422-0067/11/6/2499/htm,,http://www.mdpi.com/1422-0067/11/6/2499/htm,
probiotics,,3,IBS,digestion,other,,"6,700,000",probiotics IBS,"A particular probiotic (B. infantis 35624) improves IBS symptoms such as pain, bloating, and bowel movement difficulty. Evidence for other types of probiotic is limited.",PubMed,http://www.ncbi.nlm.nih.gov/pubmed/19277023,,http://www.ncbi.nlm.nih.gov/pubmed/19277023,
probiotics,,1,urinary tract infections,urinary,other,,"1,190,000",probiotics urinary tract infection,"No significant evidence that probiotics are any more effective than placebo in treating UTIs, but can't be ruled out since data quality is poor.",Cochrane,http://www.cochrane.org/CD008772/RENAL_probiotics-preventing-urinary-tract-infections-adults-and-children,http://www.cochrane.org/CD008772/RENAL_probiotics-preventing-urinary-tract-infections-adults-and-children,,
probiotics,,5,antibiotic-associated diarrhea,digestion,other,,"1,420,000",probiotics antibiotic diarrhea,"Based on this systematic review and meta-analysis of 31 randomized controlled trials including 8672 patients, moderate certainty evidence suggests that probiotics are effective for preventing [diarrhea associated with antibiotic use]...The short-term use of probiotics appears to be safe and effective when used along with antibiotics in patients who are not immunocompromised or severely debilitated.'",Cochrane,http://www.cochrane.org/CD006095/IBD_use-probiotics-prevent-clostridium-difficile-diarrhea-associated-antibiotic-use,http://www.cochrane.org/CD006095/IBD_use-probiotics-prevent-clostridium-difficile-diarrhea-associated-antibiotic-use,,
probiotics,,2,vulvovaginal candida,reproductive,other,OTW,"3,940,000",probiotics candida,"Very low quality evidence suggests probiotics might get rid of vulvovaginal candida in non-pregnant women more quickly than conventional treatments, and may prevent it coming back on a short term basis. High quality trials are needed.",Cochrane,http://www.cochrane.org/CD010496/STI_probiotics-vulvovaginal-candidiasis-non-pregnant-women,http://www.cochrane.org/CD010496/STI_probiotics-vulvovaginal-candidiasis-non-pregnant-women,,
quercetin,,1,athletic performance,general health,compound,,"3,070,000",quercetin performance,A small study found quercetin has no significant impact on athletic performance.,International Journal of Sport Nutrition and Exercise Metabolism,http://www.ncbi.nlm.nih.gov/pubmed/21558570,,,http://www.ncbi.nlm.nih.gov/pubmed/21558570
reishi mushroom,G. lucidum,2,cancer,cancer,plant/herb,,"601,000",reishi mushroom cancer,"The meta-analysis results showed that patients who had been given G. lucidum alongside with chemo/radiotherapy were more likely to respond positively compared to chemo/radiotherapy alone. G. lucidum treatment alone did not demonstrate the same regression rate as that seen in combined therapy.' However, studies reviewed were small and there were some quality concerns.",Cochrane,http://www.cochrane.org/CD007731/GYNAECA_g-lucidum-reishi-mushroom-cancer-treatment,http://www.cochrane.org/CD007731/GYNAECA_g-lucidum-reishi-mushroom-cancer-treatment,,
resveratrol,,1,cancer,cancer,compound,,"7,130,000",resveratrol cancer,No human trials as yet.,Cancer Letters,http://onlinelibrary.wiley.com/doi/10.1111/nyas.12205/abstract?userIsAuthenticated=false&deniedAccessCustomisedMessage=,,http://onlinelibrary.wiley.com/doi/10.1111/nyas.12205/abstract?userIsAuthenticated=false&deniedAccessCustomisedMessage=,http://www.cancerletters.info/article/S0304-3835(08)00252-8/abstract
resveratrol,,1,diabetes,diabetes,compound,,"6,940,000",resveratrol diabetes,Some preliminary evidence that resveratrol can play a role in modulating diabetes symptoms.,British Journal of Nutrition,http://www.ncbi.nlm.nih.gov/pubmed/21385509,,,http://www.ncbi.nlm.nih.gov/pubmed/21385509
resveratrol,,3,heart health,cardio,compound,OTW,"6,560,000",resveratrol heart health,"Resveratrol has cardioprotective benefits, although scientists don't know quite how it works.",Tom-Carneiro et al 2013,http://www.ncbi.nlm.nih.gov/pubmed/23448440,,http://www.ncbi.nlm.nih.gov/pubmed/23448440,
rhodiola rosea L.,,3,fatigue,"mental health, general health",plant / herb,,"258,000",rhodiola rosea L fatigue,"Rhodiola rosea L. is effective in treating fatigue. However, the quality of the trials conducted is questionable.",Complementary and Alternative Medicine,http://www.biomedcentral.com/1472-6882/12/70,,http://www.biomedcentral.com/1472-6882/12/70,
saffron,,2,depression,mental health,plant/herb,,"2,820,000",saffron depression,"In conclusion, saffron may exert antidepressant effects comparable to those of pharmaceutical antidepressants such as fluoxetine, citalopram, and imipramine, with possibly fewer observed side effects. Further studies are needed to clarify exact mechanisms responsible for antidepressant-like effects of this spice.'","Journal of Affective Disorders, Phytomedicine, Journal of Ethnopharmacology, Journal of Integrative Medicine, Human Psychopharmacology",https://www.sciencedirect.com/science/article/pii/S0165032717315884,,https://www.sciencedirect.com/science/article/pii/S0165032717315884http://www.sciencedirect.com/science/article/pii/S2095496414601412http://onlinelibrary.wiley.com/doi/10.1002/hup.2434/full,http://www.sciencedirect.com/science/article/pii/S0165032716310217https://www.sciencedirect.com/science/article/pii/S0944711317301447http://www.sciencedirect.com/science/article/pii/S0378874104005628
SAM-e,,1,depression,mental health,compound,,"313,000,000",SAM-e depression,A review of eight studies showed no strong evidence of the effectiveness of SAM-e when taken on its own. More study needed.,Current Psychiatry Reports,https://www.cochranelibrary.com/cdsr/doi/10.1002/14651858.CD011286.pub2/full?highlightAbstract=withdrawn%7Cdepress%7Cdepression%7Ce%7Csam,https://www.cochranelibrary.com/cdsr/doi/10.1002/14651858.CD011286.pub2/full?highlightAbstract=withdrawn%7Cdepress%7Cdepression%7Ce%7Csam,https://www.nlm.nih.gov/medlineplus/druginfo/natural/786.html,
saw palmetto,,1,prostate-related urinary problems,"urinary, men",plant / herb,,"2,150,000",saw palmetto prostate,There is no evidence that saw palmetto at any dosage improves urinary-tract-related problems.,Cochrane,https://www.cochranelibrary.com/cdsr/doi/10.1002/14651858.CD001423.pub3/full?highlightAbstract=saw%7Cwithdrawn%7Cpalmett%7Cpalmetto,https://www.cochranelibrary.com/cdsr/doi/10.1002/14651858.CD001423.pub3/full?highlightAbstract=saw%7Cwithdrawn%7Cpalmett%7Cpalmetto,,http://www.ncbi.nlm.nih.gov/pubmed/19370565
selenium,,1,cancer,cancer,mineral,,"19,400,000",selenium cancer,There is insufficient evidence to suggest selenium lowers cancer risk.,Cochrane,http://www.cochrane.org/CD005195/GYNAECA_selenium-for-preventing-cancer,http://www.cochrane.org/CD005195/GYNAECA_selenium-for-preventing-cancer,,
silicic acid,,1,Alzheimer's,mental health,compound,OTW,"48,800",silicic acid Alzheimer's,Silicic acid might help to prevent Alzheimer's Disease by decreasing the amount of aluminium in the body. We await more research.,PubMed,http://www.ncbi.nlm.nih.gov/pubmed/16988476,,,http://www.ncbi.nlm.nih.gov/pubmed/16988476
slippery elm,,1,sore throat,infections,plant / herb,,"973,000",slippery elm sore throat,No clinical evidence has been found for the efficacy of slippery elm in treating sore throats.,Pediatrics in Review,http://www.researchgate.net/profile/Kathi_Kemper2/publication/274637505_herbs_in_pediatric_and_adolescent_medicine-_gardiner-_peds_in_review_2000/links/55242e490cf2b123c51736e8.pdf,http://www.researchgate.net/profile/Kathi_Kemper2/publication/274637505_herbs_in_pediatric_and_adolescent_medicine-_gardiner-_peds_in_review_2000/links/55242e490cf2b123c51736e8.pdf,,
spirulina,,1,"blood pressure, cholesterol",cardio,plant / herb,,"837,000",spirulina blood pressure cholesterol,Very preliminary evidence shows Spirulina reducing blood pressure and lower lipids.,Journal of Medicinal Food,http://www.ncbi.nlm.nih.gov/pubmed/19298191,,,http://www.ncbi.nlm.nih.gov/pubmed/19298191
St John's wort,,4,depression,mental health,plant / herb,,"1,500,000",st john's wort depression,"St John's Wort performs better than a placebo in improving depression symptoms, and not significantly different to antidepressants, which had more side-effects.","Cochrane, Systematic Reviews",https://www.cochrane.org/CD000448/DEPRESSN_st.-johns-wort-for-treating-depression.,https://www.cochrane.org/CD000448/DEPRESSN_st.-johns-wort-for-treating-depression.,https://systematicreviewsjournal.biomedcentral.com/articles/10.1186/s13643-016-0325-2,
St John's wort,,1,PMS,"reproductive, women",plant / herb,,"249,000",st john's wort PMS,Daily treatment with St. John's wort had no effect on the emotional and physical symptoms of PMS.,CNS Drugs,http://www.tandfonline.com/doi/abs/10.3109/0167482X.2010.538102#.VcoSgJNVhBc,http://www.tandfonline.com/doi/abs/10.3109/0167482X.2010.538102#.VcoSgJNVhBc,,
taurine,,1,"weight loss, cholesterol","general health, cardio",compound,,"1,860,000",taurine weight loss,No human trials.,,https://www.ncbi.nlm.nih.gov/pubmed/15221507,,,https://www.ncbi.nlm.nih.gov/pubmed/15221507
TMG,trimethylglycine,1,metabolism,general health,compound,,"182,000",tmg metabolism,TMG appears to have no significant effect on metabolism in humans.,Schwab 2002,http://www.ncbi.nlm.nih.gov/pubmed/12399266,,,http://www.ncbi.nlm.nih.gov/pubmed/12399266
tryptophan and 5-HTP,,3,depression in women,"mental health, women",compound,,"233,000",tryptophan 5-HTP depression,"Tryptophan and 5-HTP might alleviate depression, but the studies conducted are unreliable, and the safety of the substances is questionable.",Cochrane,http://www.cochrane.org/CD003198/DEPRESSN_tryptophan-and-5-hydroxytryptophan-for-depression,http://www.cochrane.org/CD003198/DEPRESSN_tryptophan-and-5-hydroxytryptophan-for-depression,,
turmeric (curcumin),,2,cancer,cancer,plant / herb,OTW,"2,790,000",turmeric curcumin cancer,"Turmeric might have anti-cancer effects, particularly on colon and pancreatic cancer, cervical neoplasia and Barrets metaplasia.",PubMed,http://www.ncbi.nlm.nih.gov/pubmed/20214562,,,http://www.ncbi.nlm.nih.gov/pubmed/20214562
turmeric (curcumin),,2,memory,cognition,plant / herb,,"1,200,000",turmeric curcumin memory,"A high quality, long-term (18 months), but small study (40 subjects) found that 90mg of curcumin twice daily improved memory in adults without dementia.",American Journal of Geriatric Psychiatry,https://www.sciencedirect.com/science/article/pii/S1064748117305110,,,https://www.sciencedirect.com/science/article/pii/S1064748117305110
turmeric (curcumin),,4,"peptic ulcer, ulcerative colitis",digestion,plant / herb,OTW,"857,000",turmeric peptic ulcer colitis,"Tumeric may be an effective therapy for peptic ulcers and ulcerative colitis when combined with conventional medications. However, larger trials are needed.",Cochrane,http://www.cochrane.org/CD008424/IBD_curcumin-for-maintenance-of-remission-in-ulcerative-colitis,http://www.cochrane.org/CD008424/IBD_curcumin-for-maintenance-of-remission-in-ulcerative-colitis,,
turmeric (curcumin),,2,depression,mental health,plant/herb,OTW,"10,700,000",turmeric depression,"Curcumin appears to be safe, well-tolerated, and efficacious among depressed patients. More robust randomized controlled trials with larger sample sizes and follow-up studies carried out over a longer duration should be planned to ascertain its benefits. However, Curcumin has poor bioavailability. 9-20 teaspoons daily would be required to get the desired effect.","Journal of the American Medical Directors Association, Journal of Affective Disorders, Phytotherapy Research, European Neuropsychopharmacology, Journal of Clinical Pharmacology,",http://onlinelibrary.wiley.com/doi/10.1002/ptr.5524/full,,http://onlinelibrary.wiley.com/doi/10.1002/ptr.5524/fullhttp://www.sciencedirect.com/science/article/pii/S1525861016306752,http://www.sciencedirect.com/science/article/pii/S0165032714003620http://onlinelibrary.wiley.com/doi/10.1002/ptr.5025/fullhttp://www.sciencedirect.com/science/article/pii/S0924977X14003265http://journals.lww.com/psychopharmacology/Abstract/2015/08000http://journals.lww.com/psychopharmacology/Abstract/2015/08000/Chronic_Supplementation_of_Curcumin_Enhances_the.9.aspx
tyrosine,,4,"alertness, wakefulness, memory",cognition,compound,,"49,700",tyrosine alertness wakefulness memory,The evidence suggests that tyrosine intake improves working memory and information processing in healthy adults under strain.,Pharmacology Biochemistry and Behaviour,http://www.sciencedirect.com/science/article/pii/S0091305715000945,,http://www.sciencedirect.com/science/article/pii/S0091305715000945,
tyrosine,,3,depression,mental health,compound,,"4,830,000",tyrosine mental health,"Tyrosine may help with mental health problems by maintaining neurotransmitters, which affect mood.",Pharmacology Biochemistry and Behaviour,http://www.sciencedirect.com/science/article/pii/S0091305715000945,,http://www.sciencedirect.com/science/article/pii/S0091305715000945,
valerian,,1,anxiety,mental health,plant / herb,OTW,"2,310,000",valerian anxiety,One study found no difference between valerian and placebo in the treatment of anxiety. Research using larger samples is required.,Cochrane,http://www.cochrane.org/CD004515/DEPRESSN_valerian-for-anxiety-disorders,http://www.cochrane.org/CD004515/DEPRESSN_valerian-for-anxiety-disorders,,
valerian,,0,insomnia,mental health,plant / herb,,"1,140,000",valerian insomnia,No significant differences between valerian and placebo in the treatment of insomnia. Valerian might have a number of adverse side effects.,Sleep Medicine Reviews,http://www.sciencedirect.com/science/article/pii/S1087079214001476,,http://www.sciencedirect.com/science/article/pii/S1087079214001476,
vitamin A,,4,child mortality,general health,vitamin,,"45,600,000",vitamin A child death,"Data on the effect of vitamin A supplementation for the prevention of death [in children 0.5-5yrs] were available from 19 of the included studies, and the combined results indicate that vitamin A reduces overall risk of death and death due to diarrhoea by 12%. Vitamin A does not specifically reduce death due to measles, respiratory infections, or meningitis, but it can reduce new occurrences of diarrhoea and measles.'","Cochrane, WHO",http://www.cochrane.org/CD008524/BEHAV_vitamin-supplementation-preventing-disease-and-death-children-aged-six-months-five-years,http://www.cochrane.org/CD008524/BEHAV_vitamin-supplementation-preventing-disease-and-death-children-aged-six-months-five-years,http://www.who.int/bulletin/volumes/88/9/09-068080/en/,
vitamin A: beta-carotene,,1,cancer,cancer,vitamin,,"5,410,000",vitamin A beta-carotene cancer,There is no evidence that beta-carotene prevents cancer.,PubMed,http://www.ncbi.nlm.nih.gov/pubmed/18689373,,,http://www.ncbi.nlm.nih.gov/pubmed/18689373
vitamin A: retinol,,0,birth defects,children,vitamin,,"635,000",vitamin A retinol birth defects,"It appears that high doses of retinol (10,000 ID/d+) can cause birth defects in human and animal infants.",PubMed,http://www.ncbi.nlm.nih.gov/pubmed/9431575,,,http://www.ncbi.nlm.nih.gov/pubmed/9431575
vitamin B,,2,Alzheimer's,mental health,vitamin,,"16,200,000",vitamin B Alzheimer's,Vitamin B treatment slows brain shrinkage and significantly reduces brain cell death.,Proceedings of the National Academy of Sciences of the United States of America,http://www.pnas.org/content/110/23/9523.short,,,http://www.pnas.org/content/110/23/9523.short
Vitamin B,,4,schizophrenia,mental health,vitamin,,"5,580,000",vitamin B schizophrenia,A review of 18 studies found that vitamin B reduced psychiatric symptoms significantly more than in a control group.,Psychological Medicine,https://www.cambridge.org/core/journals/psychological-medicine/article/div-classtitlethe-effects-of-vitamin-and-mineral-supplementation-on-symptoms-of-schizophrenia-a-systematic-review-and-meta-analysisdiv/3CFE6C3B0FED2ED04B9968AD2660EA08,,https://www.cambridge.org/core/journals/psychological-medicine/article/div-classtitlethe-effects-of-vitamin-and-mineral-supplementation-on-symptoms-of-schizophrenia-a-systematic-review-and-meta-analysisdiv/3CFE6C3B0FED2ED04B9968AD2660EA08,
vitamin B2,riboflavin,2,migraine,pain,vitamin,OTW,"683,000",vitamin B2 migraine,Vitamin B2 (also known as Riboflavin) may reduce the frequency of migraines.,Neurological Science,http://link.springer.com/article/10.1007/s10072-014-1755-z#page-1,,,http://link.springer.com/article/10.1007/s10072-014-1755-z#page-1
vitamin B3,,2,skin cancer,cancer,vitamin,OTW,"3,160,000",vitamin B3 skin cancer,"For high-risk patients, we are recommending that nicotinamide be considered now as a chemoprevention option together with ongoing sunscreen use and regular skin checks. Further studies in lower-risk individuals are needed before it is considered for the broader population.'","International Journal of Cancer, Photodermatology, Photoimmunology & Photomedicine, CA: A Cancer Journal for Clinicians, New England Journal of Medicine",http://onlinelibrary.wiley.com/wol1/doi/10.1002/ijc.30630/full,,http://onlinelibrary.wiley.com/wol1/doi/10.1002/ijc.30630/full,http://www.nejm.org/doi/full/10.1056/NEJMoa1506197#t=articlehttp://onlinelibrary.wiley.com/doi/10.1111/phpp.12328/fullhttp://onlinelibrary.wiley.com/doi/10.3322/caac.21299/full
vitamin B8,,3,depression,mental health,vitamin,,"860,000",vitamin B8 depression,The evidence for vitamin B8 (also known as Inositol) as a treatment for depression is unclear.,Cochrane,http://www.cochrane.org/CD004049/DEPRESSN_inositol-for-depression,http://www.cochrane.org/CD004049/DEPRESSN_inositol-for-depression,,
vitamin B8,,3,"OCD, panic disorder",mental health,vitamin,OTW,"94,200",vitamin B8 panic ocd,"Several small studies have found that vitamin B8 seems to work as effectively as conventional medication in the treatment of anxiety-related disorders, but more research is needed.",Journal of Clinical Pharmacology,"http://journals.lww.com/psychopharmacology/Abstract/2001/06000/Double_Blind,_Controlled,_Crossover_Trial_of.14.aspx",,,"http://journals.lww.com/psychopharmacology/Abstract/2001/06000/Double_Blind,_Controlled,_Crossover_Trial_of.14.aspx"
vitamin C,,4,colds,infections,vitamin,,"9,430,000",vitamin C colds,"Vitamin C supplementation does not reduce the incidence of colds in the general population, although it can shorten their duration. For those under extreme physical stress (e.g. marathon runners) vitamin C appears to half the risk of developing a cold.",Cochrane,http://www.cochrane.org/CD000980/ARI_vitamin-c-for-preventing-and-treating-the-common-cold,http://www.cochrane.org/CD000980/ARI_vitamin-c-for-preventing-and-treating-the-common-cold,,
vitamin D,,4,bone health,musculoskeletal,vitamin,,"80,200,000",vitamin D bone health,It appears that supplementation for with vitamin D deficiency increases bone density and helps to prevent fractures.,American Journal of Clinical Nutrition,http://www.cochrane.org/CD006944/MUSKEL_vitamin-d-for-improving-bone-density-in-children,http://www.cochrane.org/CD006944/MUSKEL_vitamin-d-for-improving-bone-density-in-children,http://www.ncbi.nlm.nih.gov/pubmed/18689393,http://www.sciencedirect.com/science/article/pii/S1568997213000402
vitamin D,,2,"depression, mood disorders",mental health,vitamin,,"27,500,000",vitamin D depression mood,"Low levels of vitamin D in the body are associated with depression, but whether or not vitamin D deficiency actually causes depression is uncertain.",British Journal of Psychology,http://bjp.rcpsych.org/content/202/2/100.short,,http://bjp.rcpsych.org/content/202/2/100.short,
vitamin D,,3,diabetes,diabetes,vitamin,,"154,000,000",vitamin D diabetes,The association between vitamin D status and diabetes is unclear.,Annals of Internal Medicine,http://www.ncbi.nlm.nih.gov/pubmed/20194237,,http://www.ncbi.nlm.nih.gov/pubmed/20194237,
vitamin D,,4,flu,infections,vitamin,,"31,800,000",vitamin d flu,"In one trial, 10.8% of children taking vitamin D(3) contracted influenza, compared with 18.6% of children in the placebo group. It also reduced the number of flu-related asthma attacks.",Urashima et al. 2010,http://www.ncbi.nlm.nih.gov/pubmed/20219962,,,http://www.ncbi.nlm.nih.gov/pubmed/20219962
vitamin D,,5,"general health, all-cause mortality",general health,vitamin,,"44,500,000",vitamin D health mortality,"A review suggests that vitamin D3 may reduce mortality, showing that about 150 participants need to be treated over five years for one additional life to be saved. It found some evidence that vitamin D3 seems to decrease mortality in elderly people not dependent on help or living in institutional care.",Evidence-Based Medicine,https://www.cochranelibrary.com/cdsr/doi/10.1002/14651858.CD007470.pub3/full?highlightAbstract=mortality%7Cwithdrawn%7Cd%7Cvitamin%7Cmortal,https://www.cochranelibrary.com/cdsr/doi/10.1002/14651858.CD007470.pub3/full?highlightAbstract=mortality%7Cwithdrawn%7Cd%7Cvitamin%7Cmortal,http://ebm.bmj.com/content/13/2/47.full,
vitamin D,,1,cardiovascular disease,cardio,vitamin,,"109,000,000",vitamin D heart disease,"One of the largest & most rigorous trials ever conducted (over 83,000 participants) found that vitamin D supplementation did not result in lower incidence of cardiovascular events.","JAMA, New England Journal of Medicine",https://jamanetwork.com/journals/jamacardiology/article-abstract/2735646,,,https://www.nejm.org/doi/full/10.1056/NEJMoa1809944
vitamin D,,2,cancer,cancer,vitamin,OTW,"166,000,000",vitamin D cancer,"One of the largest & most rigorous trials ever conducted (25,871 participants over 5 years) found that vitamin D supplementation did not result in lower incidence of invasive cancers.","PubMed, New England Journal of Medicine",http://www.ncbi.nlm.nih.gov/pubmed/20164683,,,http://www.ncbi.nlm.nih.gov/pubmed/20164683https://www.nejm.org/doi/full/10.1056/NEJMoa1809944http://www.ncbi.nlm.nih.gov/pubmed/17556697
vitamin D,,3,asthma attacks,respiratory,vitamin,,"37,100,000",vitamin D asthma,Vitamin D has been found to offer some protection against severe asthma attacks in adults with mild to moderate asthma. Further trials focusing on children and people who experience frequent severe asthma attacks are needed before definitive clinical recommendations can be made.',Cochrane,http://www.cochrane.org/CD011511/AIRWAYS_vitamin-d-prevent-asthma-attacks,http://www.cochrane.org/CD011511/AIRWAYS_vitamin-d-prevent-asthma-attacks,,
vitamin E,alpha tocopherol,0,mortality,general health,vitamin,,"62,600,000",vitamin E mortality,"High dosages of vitamin E might increase all-cause mortality. Small amounts can be beneficial, but the line between helpful and dangerous is unclear at this stage.",American College of Physicians,http://annals.org/article.aspx?articleid=718049,,http://annals.org/article.aspx?articleid=718049,
vitamin E,,2,Alzheimer's disease,neurological,vitamin,,"29,000,000",vitamin e Alzheimer,"We found no evidence that...vitamin E given to people with mild cognitive impairment (MCI) prevents progression to dementia, or that it improves cognitive function in people with MCI or dementia due to Alzheimer's disease (AD). However, there is moderate quality evidence from a single study that it may slow functional decline in AD.'",Cochrane,http://www.cochrane.org/CD002854/DEMENTIA_use-vitamin-e-treatment-mild-cognitive-impairment-and-alzheimers-disease-ad,http://www.cochrane.org/CD002854/DEMENTIA_use-vitamin-e-treatment-mild-cognitive-impairment-and-alzheimers-disease-ad,,
Vitamin K,,1,cardiovascular disease,cardiovascular,vitamin,,"65,600,000",vitamin k heart disease,"The very limited results of this review highlight the lack of evidence currently available to determine the effectiveness of vitamin K supplementation for the primary prevention of cardiovascular disease, and demonstrate the need for further high quality trials in this area.'",Cochrane,http://www.cochrane.org/CD011148/VASC_vitamin-k-supplementation-prevent-cardiovascular-disease,http://www.cochrane.org/CD011148/VASC_vitamin-k-supplementation-prevent-cardiovascular-disease,,
vitamin K2,,4,osteoporosis,musculoskeletal,vitamin,,"473,000",vitamin K2 osteoporosis,"Vitamin K2 has repeatedly been shown to improve bone strength, particularly in post-menopausal women.",Osteoporosis International,http://link.springer.com/article/10.1007/s00198-007-0337-9#page-1,,,http://link.springer.com/article/10.1007/s00198-007-0337-9#page-1
Vitamin K2,,4,prostate cancer,"cancer, men",vitamin,OTW,"1,470,000",vitamin k2 prostate cancer,"It can be speculated that Vit K and its derivatives and analogs may become potential compounds for future development of anticancer therapy. However, extensive preclinical and clinical trials are yet required to elucidate the full spectrum of anticancer effects of VK, either alone or in synergistic combination with other standard drugs, to validate its usefulness as a potent anticancer agent.","American Journal of Clinical Nutrition, OncoTarget",https://www.ncbi.nlm.nih.gov/pmc/articles/PMC5593683/,,https://www.ncbi.nlm.nih.gov/pmc/articles/PMC5593683/,http://www.ajcn.org/cgi/content/abstract/87/4/985
wholegrains,,6,diabetes,diabetes,plant / herb,,"9,960,000",wholegrains diabetes,"Three studies, covering 160,000 people, found that the risk of type II diabetes was 21-27% lower among those who ate the most wholegrains than among those who ate the least.",Proceedings of the Nutrition SocietyNutrition Research Reviews,https://www.cambridge.org/core/journals/nutrition-research-reviews/article/whole-grains-and-human-health/D992CF3AF3244A6C85193EBF4557FD2A,,,https://www.cambridge.org/core/journals/nutrition-research-reviews/article/whole-grains-and-human-health/D992CF3AF3244A6C85193EBF4557FD2Ahttps://www.cambridge.org/core/journals/proceedings-of-the-nutrition-society/article/epidemiological-support-for-the-protection-of-whole-grains-against-diabetes/0CF1654EED8AD205BDCF28215DD032FE
xylitol,,5,middle ear infection,infections,plant / herb,,"311,000",xylitol ear infection,"Xylitol, otherwise known as birch sugar, was found to reduce middle ear infections in otherwise healthy children by 8% (from 30% to 22%). It was administered via chewing gum, lozenges or syrup. Other studies have had similar positive results.","Cochrane, Medicine",http://www.cochrane.org/CD007095/ARI_xylitol-sugar-supplement-preventing-middle-ear-infection-children-12-years-age,http://www.cochrane.org/CD007095/ARI_xylitol-sugar-supplement-preventing-middle-ear-infection-children-12-years-age,https://www.ncbi.nlm.nih.gov/pmc/articles/PMC4753897/,
xylitol,,1,teeth,general health,compound,,"3,080,000",xylitol teeth,"There is some evidence that xylitol in toothpaste might reduce tooth decay by 13% over 3 years. The studies have been of low quality, though.",Cochrane,http://www.cochrane.org/CD010743/ORAL_can-xylitol-used-in-products-like-sweets-candy-chewing-gum-and-toothpaste-help-prevent-tooth-decay-in-children-and-adults,http://www.cochrane.org/CD010743/ORAL_can-xylitol-used-in-products-like-sweets-candy-chewing-gum-and-toothpaste-help-prevent-tooth-decay-in-children-and-adults,,
zinc,,4,colds,"infections, respiratory",mineral,,"2,540,000",zinc colds,"A meta-analysis showed that oral zinc formulations may shorten the duration of symptoms of the common cold. However, large high-quality trials are needed before definitive recommendations for clinical practice can be made. Adverse effects were common and should be the point of future study.",CMAJ,http://www.cmaj.ca/content/184/10/E551.short,,http://www.cmaj.ca/content/184/10/E551.short,
zinc,,5,pneumonia (children),infections,mineral,,"4,370,000",zinc pneumonia,Zinc supplementation in children is associated with a reduction in the incidence and prevalence of pneumonia.,"Cochrane, WHO",http://www.cochrane.org/CD005978/ARI_zinc-supplementation-prevention-pneumonia-children-aged-two-59-months,http://www.cochrane.org/CD005978/ARI_zinc-supplementation-prevention-pneumonia-children-aged-two-59-months,http://www.who.int/elena/titles/bbc/zinc_pneumonia_children/en/,
